word,frequency
,165
contents,1
i,438
ii,2
iii,1
the,1119
nellie,1
a,633
cruising,1
yawl,1
swung,3
to,427
her,23
anchor,2
with,165
out,76
flutter,1
of,662
sails,2
and,480
was,341
at,113
rest,13
flood,2
had,191
made,30
wind,1
nearly,6
calm,2
being,14
bound,2
down,18
river,32
only,29
thing,27
for,132
it,231
come,20
wait,4
turn,6
tide,2
seareach,1
thames,3
stretched,1
before,27
us,24
like,65
beginning,1
an,91
interminable,2
waterway,3
in,316
offing,1
sea,17
sky,5
were,77
welded,1
together,7
without,23
joint,1
luminous,3
space,3
tanned,1
barges,1
drifting,1
up,57
seemed,31
stand,2
still,21
red,4
clusters,1
canvas,1
sharply,1
peaked,2
gleams,1
varnished,2
sprits,1
haze,2
rested,3
on,177
low,10
shores,3
that,196
ran,4
vanishing,1
flatness,1
air,13
dark,8
above,7
gravesend,2
farther,5
back,28
condensed,1
into,46
mournful,3
gloom,7
brooding,6
mo,2
tionless,1
over,36
biggest,3
greatest,3
town,3
earth,20
director,2
companies,1
our,14
captain,2
host,1
we,74
four,5
affectionately,1
watched,5
his,136
as,133
he,254
stood,9
bows,1
looking,9
seaward,1
whole,10
there,118
nothing,24
looked,20
half,5
so,48
nautical,1
resembled,3
pilot,1
which,24
seaman,5
is,66
trustworthiness,1
personified,1
difficult,4
realize,1
work,27
not,111
estuary,1
but,104
behind,13
him,59
within,11
between,8
have,41
already,7
said,50
some,56
where,16
bond,1
besides,3
holding,2
hearts,2
through,19
long,25
periods,1
separation,1
effect,4
making,5
tolerant,1
each,10
others,9
yarnsand,1
even,13
convictions,1
lawyerthe,1
best,5
old,19
fellows,8
because,13
many,11
years,10
virtues,1
cushion,1
deck,4
lying,7
rug,1
accountant,2
brought,7
box,2
dominoes,2
toying,1
architecturally,1
bones,3
marlow,7
sat,11
crosslegged,1
right,12
aft,3
leaning,4
against,9
mizzenmast,1
sunken,3
cheeks,2
yellow,2
complex,1
ion,1
straight,4
ascetic,1
aspect,5
arms,2
dropped,2
palms,1
hands,11
outwards,2
idol,1
satisfied,1
good,15
hold,5
way,23
amongst,7
exchanged,1
few,7
words,3
lazily,2
afterwards,9
silence,12
board,7
yacht,1
reason,3
or,41
other,29
did,41
begin,2
game,2
felt,13
medi,1
tative,1
fit,3
placid,1
staring,1
day,22
ending,1
serenity,2
exquisite,1
brilliance,2
water,13
shone,2
pacifically,1
speck,2
benign,1
immensity,4
unstained,1
light,13
very,60
mist,2
essex,1
marshes,2
gauzy,1
radiant,1
fabric,1
hung,5
from,61
wooded,3
rises,1
inland,2
draping,1
diaphanous,1
folds,1
west,2
upper,2
reaches,5
became,10
more,33
somber,3
every,18
minute,1
if,27
angered,1
by,76
approach,4
sun,7
last,14
its,35
curved,1
imperceptible,1
fall,3
sank,2
glowing,2
white,30
changed,2
dull,2
rays,1
heat,2
about,48
go,14
suddenly,12
stricken,1
death,8
touch,3
crowd,2
men,34
forthwith,1
change,4
came,32
waters,3
less,5
brilliant,1
profound,5
broad,2
reach,2
unruffled,1
decline,1
after,27
ages,3
service,2
done,10
race,1
peopled,1
banks,4
spread,2
tranquil,1
dignity,1
leading,3
uttermost,1
ends,2
venerable,1
stream,6
vivid,1
flush,1
short,6
comes,4
departs,1
ever,13
august,1
abiding,1
memories,4
indeed,5
easier,2
man,63
who,34
has,9
phrase,2
goes,4
followed,3
reverence,1
affection,1
than,22
evoke,1
great,30
spirit,2
past,6
upon,25
lower,3
tidal,1
current,2
runs,1
fro,2
unceasing,1
crowded,1
ships,9
borne,3
home,4
battles,1
known,4
served,3
all,82
whom,6
nation,1
proud,1
sir,4
francis,1
drake,1
john,1
franklin,1
knights,2
titled,1
un,1
titledthe,1
knightserrant,1
whose,5
names,5
are,16
jewels,1
flashing,1
night,12
time,35
golden,1
hind,1
returning,2
round,10
flanks,1
full,9
treasure,2
be,68
visited,1
queens,1
highness,1
thus,2
pass,1
gigantic,1
tale,2
erebus,1
terror,2
conquests,1
never,12
returned,3
they,80
sailed,1
deptford,1
green,3
wich,1
eriththe,1
adventurers,1
settlers,1
kings,2
captains,2
admirals,1
interlopers,1
eastern,1
trade,8
commissioned,1
generals,1
east,2
india,1
fleets,1
hunters,1
gold,1
pursuers,1
fame,1
gone,7
bearing,1
sword,1
often,5
torch,2
messengers,2
might,5
land,12
bearers,1
spark,1
sacred,1
fire,5
what,58
greatness,3
floated,2
ebb,2
mystery,6
unknown,4
dreams,2
seed,1
commonwealths,1
germs,1
empires,1
set,11
dusk,1
fell,3
lights,3
began,16
appear,4
along,12
shore,7
chapman,1
house,7
threelegged,1
erect,2
mudflat,1
strongly,1
moved,7
fairwaya,1
stir,3
going,21
place,11
mon,1
strous,1
marked,2
ominously,1
sunshine,4
lurid,1
glare,2
under,18
stars,2
this,76
also,11
been,44
one,75
places,4
worst,2
could,59
represent,1
class,1
wanderer,1
too,30
while,14
most,6
seamen,2
lead,2
may,8
express,1
sedentary,2
life,15
their,46
minds,1
stayathome,1
order,3
always,7
them,33
ship,6
countrythe,1
much,18
another,8
same,9
immutability,1
surroundings,2
foreign,2
faces,5
changing,1
glide,1
veiled,1
sense,3
slightly,4
disdainful,1
ignorance,1
mys,2
terious,1
unless,3
itself,7
mistress,1
existence,5
inscrutable,3
destiny,1
hours,7
casual,3
stroll,2
spree,1
suffices,1
unfold,1
secret,3
continent,5
generally,2
finds,1
worth,2
knowing,2
yarns,2
direct,1
simplicity,1
meaning,6
lies,1
shell,1
cracked,1
nut,1
typical,2
propensity,1
spin,1
excepted,1
episode,1
inside,5
kernel,1
outside,3
enveloping,1
glow,3
brings,1
likeness,1
these,29
misty,1
halos,1
sometimes,11
visible,1
spectral,1
illumination,1
moonshine,1
remark,1
seem,4
surprising,1
just,26
accepted,1
no,67
took,13
trouble,5
grunt,1
presently,2
slow,3
thinking,4
times,6
when,39
romans,1
first,20
here,18
nineteen,1
hundred,5
agothe,1
sinceyou,1
say,20
yes,10
running,3
blaze,2
plain,4
flash,2
lightning,1
clouds,1
live,4
flickermay,1
keeps,1
rolling,3
darkness,9
yesterday,1
imagine,7
feelings,1
commander,1
finewhat,1
dye,1
call,1
emtrireme,1
mediterranean,1
ordered,3
north,2
run,8
overland,1
across,2
gauls,1
hurry,5
put,7
charge,9
craft,2
legionariesa,1
wonderful,2
lot,13
handy,1
must,16
used,7
build,3
apparently,2
month,2
two,24
believe,10
read,3
herethe,1
end,7
world,9
color,2
smoke,3
kind,13
rigid,1
concertinaand,1
stores,3
orders,1
you,133
sandbanks,2
forests,1
savagesprecious,1
little,27
eat,1
civilized,1
drink,4
falernian,1
wine,1
ashore,3
military,2
camp,4
lost,11
wilderness,9
needle,1
bundle,1
hay,1
cold,4
fog,1
tempests,1
disease,2
exile,1
deathdeath,1
skulking,1
bush,5
dying,3
flies,4
oh,8
yeshe,1
well,20
doubt,6
either,6
except,1
brag,1
perhaps,14
enough,16
face,9
cheered,1
keeping,4
eye,3
chance,4
promotion,1
fleet,3
ravenna,1
byandby,4
friends,1
rome,1
survived,1
awful,1
climate,3
think,13
decent,3
young,9
citizen,1
togaperhaps,1
dice,1
knowcoming,1
train,1
prefect,1
taxgatherer,1
trader,2
mend,2
fortunes,1
swamp,1
march,2
woods,1
post,2
feel,7
savagery,2
utter,1
closed,4
himall,1
mysterious,4
stirs,1
forest,10
jungles,1
wild,3
theres,3
initiation,1
such,20
mysteries,1
midst,2
incomprehensible,3
detestable,1
fascination,2
abominationyou,1
know,40
growing,3
regrets,1
longing,1
escape,1
powerless,1
disgust,1
surrender,1
hate,5
paused,2
mind,4
again,16
lifting,4
arm,5
elbow,1
palm,2
hand,9
legs,6
folded,1
pose,2
buddha,1
preaching,1
european,1
clothes,3
lotus,1
flowermind,1
none,1
would,62
exactly,2
saves,1
efficiencythe,1
devotion,2
efficiency,1
chaps,4
account,2
really,6
colonists,1
administration,4
merely,1
squeeze,1
suspect,1
con,6
querors,1
want,8
brute,2
forcenothing,1
boast,1
since,6
your,16
strength,2
accident,2
arising,1
weakness,2
grabbed,1
get,28
sake,2
got,26
robbery,1
violence,2
aggra,1
vated,1
murder,1
scale,1
blind,2
proper,1
those,10
tackle,2
conquest,1
mostly,3
means,3
taking,6
away,18
different,1
complexion,2
flatter,1
noses,1
ourselves,2
pretty,6
look,23
redeems,1
idea,13
sentimental,1
pretense,2
unselfish,1
belief,2
something,17
can,21
bow,1
offer,2
sacrifice,1
broke,2
off,23
flames,4
glided,2
small,7
pursuing,1
overtaking,1
joining,1
crossing,3
otherthen,1
separating,1
slowly,10
hastily,1
traffic,1
city,4
went,26
deepening,1
sleepless,1
waiting,5
patientlythere,1
else,6
do,26
till,8
hesitating,1
voice,9
suppose,4
fel,3
lows,1
remember,7
once,12
freshwater,1
sailor,2
bit,11
knew,5
fated,1
hear,5
marlows,1
inconclusive,1
ex,4
periences,1
dont,21
bother,2
hap,1
pened,1
me,99
personally,1
showing,2
re,2
mark,1
tellers,1
tales,1
unaware,1
audience,1
yet,11
understand,7
ought,5
how,23
saw,15
met,3
poor,5
chap,8
farthest,1
point,3
navigation,2
culminating,1
my,108
experience,1
throw,2
everything,8
thoughts,3
tooand,1
pitifulnot,1
extraordinary,2
any,22
waynot,1
clear,7
then,35
lon,1
don,1
indian,1
ocean,1
pacific,1
china,1
seas,2
regular,1
dose,1
eastsix,1
loafing,1
hindering,1
invading,1
homes,1
though,16
heavenly,1
mission,1
civilize,1
fine,10
tired,2
resting,1
shipi,1
should,8
hardest,1
wouldnt,5
now,13
passion,2
maps,1
south,2
america,1
africa,1
australia,1
lose,1
myself,14
glories,1
exploration,1
blank,4
spaces,1
particularly,2
inviting,2
map,4
finger,3
grow,1
will,14
pole,4
havent,2
shall,3
try,5
glamours,1
scattered,3
equator,1
sort,10
lati,1
tude,1
hemispheres,1
wont,4
talk,15
yetthe,1
speakthat,1
hankering,1
true,5
filled,2
boyhood,1
rivers,2
lakes,1
ceased,2
delightful,2
mysterya,1
patch,2
boy,3
dream,4
gloriously,1
become,4
especially,2
mighty,2
big,14
see,47
resembling,1
immense,4
snake,4
uncoiled,1
head,17
body,5
curving,1
afar,3
vast,5
country,7
tail,1
depths,4
shopwindow,1
fascinated,1
birda,1
silly,1
bird,1
remembered,3
concern,3
company,4
dash,1
thought,12
cant,4
using,1
fresh,3
steamboats,1
why,12
shouldnt,3
street,4
shake,2
charmed,3
continental,1
trading,2
society,1
relations,1
living,4
cheap,1
nasty,1
looks,1
am,13
sorry,1
own,10
worry,1
departure,1
things,16
road,8
believed,1
thenyou,1
somehow,4
hook,2
crook,2
worried,2
dear,6
fellow,6
thenwould,1
iti,1
tried,5
women,7
charlie,2
workto,2
job,1
heavens,3
notion,3
drove,2
aunt,2
enthusiastic,2
soul,1
she,21
wrote,3
ready,3
anything,11
glorious,2
wife,2
high,14
personage,1
lots,3
influence,3
c,2
determined,1
make,14
fuss,1
ap,3
pointed,1
skipper,2
steamboat,12
fancy,6
appointmentof,1
course,8
quick,3
appears,2
received,1
news,2
killed,1
scuffle,1
natives,2
anxious,2
months,10
attempt,1
recover,2
left,18
heard,14
original,2
quarrel,1
arose,2
misunderstanding,1
hens,3
black,23
fresleventhat,1
name,7
danethought,1
himself,8
wronged,1
bar,2
gain,1
started,6
hammer,1
chief,6
village,2
stick,3
didnt,7
surprise,2
least,7
told,5
fresleven,2
gentlest,1
quietest,1
creature,1
walked,4
couple,1
engaged,1
noble,2
cause,4
probably,2
need,2
asserting,1
selfrespect,1
therefore,2
whacked,1
nigger,4
mercilessly,1
people,10
thunderstruck,2
mani,1
chiefs,1
sonin,1
despera,1
tion,7
hearing,1
yell,1
tentative,1
jab,1
spear,1
manand,1
quite,6
easy,1
shoulderblades,1
population,2
cleared,3
expecting,1
kinds,2
calamities,1
happen,2
steamer,10
commanded,1
bad,4
panic,1
engineer,1
nobody,4
freslevens,1
remains,1
stepped,3
shoes,2
couldnt,6
let,16
opportunity,2
offered,1
meet,3
predecessor,1
grass,10
ribs,1
tall,2
hide,1
supernatural,1
touched,1
deserted,3
huts,1
gaped,1
rotting,2
askew,2
fallen,1
en,1
closures,1
calamity,1
sure,4
vanished,4
mad,2
children,3
progress,4
anyhow,2
however,4
affair,7
appointment,1
fairly,1
begun,1
hope,1
flew,2
around,4
forty,1
eight,1
channel,3
show,5
employers,1
sign,2
contract,1
arrived,2
makes,5
whited,1
sepulcher,1
prejudice,1
difficulty,2
finding,1
companys,5
offices,1
everybody,4
oversea,1
empire,1
coin,1
narrow,3
deep,2
shadow,3
houses,2
innumerable,2
windows,1
venetian,1
blinds,1
dead,10
sprouting,1
stones,3
imposing,1
carriage,1
archways,1
double,1
doors,1
standing,3
ponderously,1
ajar,1
slipped,3
cracks,1
swept,1
ungarnished,1
staircase,1
arid,1
desert,2
opened,5
door,6
fat,3
slim,2
straw,1
bottomed,1
chairs,2
knitting,3
wool,5
mestill,1
cast,1
eyesand,1
getting,4
somnambulist,1
dress,1
um,1
brellacover,1
turned,5
word,11
preceded,1
waitingroom,2
gave,6
deal,3
table,3
middle,4
walls,5
large,4
shining,1
colors,1
rainbow,1
amount,1
redgood,1
knows,7
real,4
deuce,1
blue,3
smears,1
orange,1
coast,13
purple,1
jolly,2
pioneers,1
lagerbeer,1
wasnt,9
center,4
therefascinatingdeadlylike,1
ough,1
whitehaired,1
secretarial,2
wearing,2
compassionate,2
expression,3
appeared,4
skinny,1
forefinger,2
beckoned,1
sanctuary,1
dim,4
heavy,9
writingdesk,1
squatted,2
structure,1
im,2
pression,1
pale,1
plumpness,1
frockcoat,1
five,2
feet,15
six,4
judge,1
grip,1
handleend,1
millions,3
shook,3
murmured,2
vaguely,1
satis,1
fied,1
french,3
bon,1
voyage,1
fortyfive,1
seconds,1
found,11
secretary,2
desolation,1
sympathy,1
document,1
undertook,1
disclose,1
secrets,1
uneasy,2
ceremonies,1
ominous,3
atmosphere,2
conspiracyi,1
knowsome,1
glad,1
outer,1
room,4
knitted,1
fever,3
ishly,1
arriving,1
younger,1
walking,3
forth,3
introducing,3
chair,2
flat,3
cloth,1
slippers,2
propped,2
footwarmer,1
cat,1
reposed,2
lap,1
wore,2
starched,3
wart,1
cheek,1
silverrimmed,1
spectacles,1
tip,1
nose,5
glanced,2
glasses,1
swift,1
indifferent,1
placidity,1
troubled,1
youths,1
foolish,4
cheery,2
countenances,1
piloted,1
threw,1
glance,8
unconcerned,2
wisdom,1
eerie,1
feeling,4
uncanny,1
fateful,1
far,12
guarding,1
warm,2
pall,1
continu,1
ously,1
scrutinizing,1
eyes,19
ave,1
knitter,1
morituri,1
te,1
salutant,1
againnot,1
visit,1
doctor,4
simple,3
mality,1
assured,2
part,3
sorrows,1
accordingly,2
hat,3
eyebrow,1
clerk,2
supposethere,1
clerks,3
busi,2
ness,5
deadcame,1
somewhere,5
upstairs,1
led,1
shabby,1
careless,1
inkstains,1
sleeves,1
jacket,3
cravat,1
billowy,1
chin,3
shaped,1
toe,1
boot,1
early,1
proposed,1
thereupon,1
developed,1
vein,1
joviality,1
vermouths,1
glorified,1
business,3
expressed,1
casually,1
sur,5
prise,2
cool,1
collected,1
fool,5
quoth,1
plato,1
disciples,1
sententiously,1
emptied,1
glass,3
resolution,1
rose,6
pulse,1
evidently,1
mumbled,1
certain,3
eagerness,1
asked,14
whether,7
measure,3
rather,8
prised,1
produced,1
calipers,1
dimensions,1
front,4
notes,2
carefully,1
unshaven,1
threadbare,1
coat,2
gaberdine,1
harmless,2
ask,3
leave,4
interests,2
science,5
crania,1
remarked,2
moreover,2
changes,3
take,8
side,11
smiled,2
quiet,5
joke,1
famous,1
interesting,3
searching,1
note,2
madness,1
family,1
matteroffact,1
tone,3
annoyed,2
question,3
notice,2
irritation,2
interest,1
ing,12
watch,5
mental,2
individ,1
uals,1
spot,3
alienist,1
interrupted,4
bea,1
swered,1
imperturbably,1
theory,1
messieurs,1
help,4
prove,1
share,2
advantages,1
reap,1
possession,2
mag,1
nificent,1
dependency,1
mere,5
wealth,1
pardon,2
questions,3
englishman,1
coming,7
observation,1
hastened,1
assure,2
talking,4
erroneous,1
laugh,3
avoid,1
expos,1
ure,1
adieu,3
english,5
eh,2
goodby,3
ah,4
tropics,1
keep,8
lifted,5
warning,3
du,2
calme,2
remained,5
dosay,1
excellent,2
triumphant,2
cup,2
teathe,1
tea,1
days,7
soothingly,1
expect,1
ladys,1
drawingroom,1
chat,1
fireside,1
confidences,1
repre,2
sented,1
dignitary,1
goodness,2
excep,1
tional,1
gifted,1
creaturea,1
piece,3
fortune,1
companya,1
twopennyhalfpenny,1
riversteamboat,1
penny,2
whistle,1
attached,1
workers,1
capitalyou,1
emissary,2
apostle,1
rot,1
loose,3
print,1
woman,3
rush,2
humbug,1
carried,3
talked,3
weaning,1
ignorant,1
horrid,2
ways,1
uncomfortable,1
ventured,1
hint,1
profit,1
forget,4
laborer,1
worthy,1
hire,1
brightly,1
queer,3
truth,8
beautiful,2
altogether,3
pieces,3
sunset,1
confounded,3
fact,3
contentedly,1
cre,1
ation,1
start,6
knock,1
embraced,1
wear,1
flannel,1
write,5
onand,2
whya,1
impostor,1
odd,2
twentyfour,1
give,5
cross,1
momenti,1
hesitation,1
startled,2
pause,2
commonplace,2
explain,2
saying,3
second,3
instead,4
called,6
blamed,1
port,1
sole,1
purpose,7
landing,1
soldiers,2
custom,3
officers,1
watching,3
slips,1
enigma,1
yousmiling,1
frowning,1
grand,1
mean,3
insipid,1
savage,3
mute,2
whispering,1
find,9
almost,4
featureless,1
monotonous,1
grimness,1
edge,3
colossal,1
jungle,2
darkgreen,1
fringed,1
surf,6
ruled,1
line,2
glitter,2
blurred,1
creeping,1
fierce,1
glisten,2
drip,1
steam,2
grayish,1
whitish,1
specks,1
showed,1
clustered,1
flag,2
flying,2
settlements,1
centuries,1
bigger,1
pinheads,1
untouched,1
expanse,1
background,2
pounded,1
stopped,3
landed,3
levy,1
toll,1
godfor,1
saken,1
tin,3
shed,4
flagpole,1
soldiersto,1
care,5
presumably,1
drowned,3
flung,2
passed,3
various,3
placestrading,1
placeswith,1
gran,1
bassam,1
popo,1
belong,1
sordid,2
farce,1
acted,1
sinister,2
backcloth,1
idle,1
passenger,1
isolation,1
contact,3
oily,1
lan,1
guid,1
uniform,4
somberness,1
toil,2
senseless,1
delusion,1
positive,1
pleasure,2
speech,4
brother,2
natural,4
boat,2
momentary,1
reality,3
paddled,1
eyeballs,1
shouted,2
sang,1
bodies,2
streamed,1
perspiration,1
grotesque,1
masksthese,1
bone,3
muscle,1
vitality,1
tense,2
energy,2
movement,4
wanted,11
excuse,1
comfort,2
belonged,1
straightforward,1
facts,2
scare,1
manofwar,1
anchored,2
shelling,1
wars,1
thereabouts,2
ensign,1
limp,1
rag,1
muzzles,1
eightinch,2
guns,2
stuck,6
hull,1
greasy,1
slimy,1
swell,1
swaying,2
thin,3
masts,1
empty,9
firing,2
pop,1
flame,2
dart,1
vanish,1
dis,2
tiny,1
projectile,1
feeble,1
screech,1
happened,2
insanity,1
proceeding,1
lugubrious,1
drollery,1
sight,5
dissi,1
pated,1
somebody,6
assuring,2
earnestly,2
nativeshe,1
enemieshidden,1
letters,2
lonely,1
rate,1
three,15
farcical,1
merry,1
dance,2
earthy,1
overheated,1
catacomb,1
formless,1
bor,1
dered,3
dangerous,1
nature,1
herself,1
ward,1
intruders,1
streams,1
mud,8
thickened,1
slime,1
invaded,1
contorted,2
groves,1
writhe,1
extremity,1
impotent,1
despair,2
nowhere,3
stop,3
particularized,1
impression,1
general,4
vague,1
oppressive,1
wonder,5
grew,1
weary,2
pilgrimage,1
hints,1
mares,1
upward,1
thirty,2
mouth,1
seat,1
gov,2
ernment,2
miles,9
soon,8
higher,3
passage,1
seagoing,1
swede,3
invited,1
bridge,1
lean,1
fair,1
morose,1
lanky,1
hair,4
shuffling,1
gait,1
miserable,3
wharf,1
tossed,1
contemptuously,1
government,1
speaking,2
precision,1
considerable,1
bitterness,1
funny,1
francs,1
becomes,1
coun,1
expected,4
sooo,1
exclaimed,3
shuffled,1
athwart,1
ahead,3
vigilantly,1
continued,3
hanged,5
gods,1
cried,3
kept,4
watchfully,1
rocky,2
cliff,5
mounds,1
turnedup,1
hill,4
iron,3
roofs,1
waste,1
excava,1
tions,2
hanging,1
declivity,1
continuous,1
noise,6
rapids,2
hovered,1
scene,1
inhabited,1
devastation,1
naked,1
ants,1
jetty,1
projected,1
blinding,2
sunlight,3
sudden,2
recrudescence,1
sta,4
pointing,1
wooden,1
barrack,1
structures,1
slope,3
send,3
boxes,2
farewell,1
boiler,4
wallowing,1
path,6
aside,1
bowlders,1
undersized,1
railwaytruck,1
wheels,1
carcass,2
animal,3
decaying,1
ma,1
chinery,1
stack,2
rusty,1
rails,1
clump,1
trees,10
shady,1
feebly,2
blinked,1
steep,1
horn,1
tooted,1
detonation,1
ground,2
puff,1
peared,1
rock,1
building,2
railway,1
objectless,1
blasting,1
slight,2
clinking,2
advanced,1
file,1
toiling,1
balancing,1
baskets,1
heads,4
clink,1
footsteps,1
rags,2
wound,1
loins,1
wagged,1
tails,1
rib,1
joints,1
limbs,2
knots,2
rope,1
collar,2
neck,3
connected,3
chain,1
bights,1
rhythmically,1
report,1
war,2
seen,8
stretch,1
imagination,1
enemies,2
criminals,2
outraged,1
law,1
bursting,1
shells,1
insoluble,1
tery,1
meager,1
breasts,1
panted,1
violently,1
dilated,1
nostrils,3
quivered,1
stared,3
stonily,1
uphill,2
inches,1
complete,2
deathlike,1
indif,1
ference,1
unhappy,1
savages,3
raw,1
matter,6
reclaimed,1
product,1
new,4
forces,1
strolled,5
despondently,1
carrying,3
rifle,2
button,1
seeing,3
hoisted,1
weapon,1
shoulder,3
alacrity,1
prudence,1
alike,1
distance,2
tell,15
speedily,1
reassured,1
rascally,1
grin,1
partnership,1
exalted,1
trust,4
proceedings,1
descended,2
chaingang,1
climbed,1
par,1
ticularly,1
tender,1
ive,6
strike,2
fend,1
resist,1
attack,1
sometimesthats,1
resistingwithout,1
counting,1
exact,1
cost,2
ac,2
cording,1
demands,1
blun,1
devil,10
greed,1
hot,4
desire,4
strong,1
lusty,1
redeyed,1
devils,1
swayed,1
menmen,1
hillside,3
foresaw,1
acquainted,1
flabby,2
pretending,2
weakeyed,1
rapacious,1
pitiless,3
folly,3
insidious,1
several,7
later,3
thousand,1
moment,10
appalled,2
finally,1
obliquely,1
wards,1
avoided,1
artificial,1
hole,4
digging,1
impossible,5
divine,1
quarry,1
sandpit,1
nected,1
philanthropic,2
giving,2
crim,1
inals,1
ravine,1
scar,1
discovered,1
imported,1
drainagepipes,1
settlement,1
tumbled,1
broken,1
wanton,1
smashup,1
shade,4
sooner,1
gloomy,1
circle,1
inferno,1
near,14
uninterrupted,1
headlong,1
rushing,2
stillness,8
grove,3
breath,2
stirred,1
leaf,1
soundas,1
tearing,3
pace,2
launched,1
audible,1
shapes,2
crouched,1
lay,3
trunks,2
clinging,2
effaced,1
attitudes,1
pain,1
abandonment,1
mine,3
shudder,2
soil,1
helpers,1
withdrawn,1
die,2
slowlyit,1
earthly,1
nownothing,1
shadows,2
starvation,1
confusedly,1
greenish,1
recesses,2
legality,1
contracts,1
uncongenial,2
roundings,1
fed,1
unfamiliar,1
food,1
sickened,1
inefficient,1
allowed,2
crawl,2
moribund,1
free,3
airand,1
distinguish,1
gleam,1
glancing,1
reclined,1
length,2
tree,3
lids,1
enormous,1
vacant,1
flicker,1
orbs,1
died,1
youngalmost,1
boybut,1
hard,3
swedes,1
biscuits,1
pocket,2
fingers,2
heldthere,1
tied,2
worsted,1
neckwhy,1
badgean,1
ornamenta,1
charma,1
propitiatory,1
act,2
startling,2
thread,2
beyond,2
bundles,1
acute,1
angles,1
drawn,1
knees,2
intoler,1
able,2
appalling,1
manner,2
phantom,1
forehead,2
overcome,1
weariness,1
collapse,1
picture,1
massacre,1
pestilence,1
horrorstruck,1
creatures,1
allfours,2
towards,7
lapped,1
shins,1
woolly,1
breast,1
loitering,1
haste,1
station,32
ings,1
unexpected,3
elegance,1
getup,1
vision,1
cuffs,2
alpaca,1
snowy,1
trousers,1
necktie,1
boots,1
parted,1
brushed,2
oiled,1
greenlined,1
parasol,2
held,2
amazing,3
penholder,1
ear,3
miracle,1
learned,1
book,6
sounded,1
wonderfully,1
suggestion,1
desklife,1
mentioned,1
lips,3
indissolubly,1
respected,2
collars,2
appearance,3
cer,1
tainly,1
hairdressers,1
dummy,1
demoralization,1
thats,4
backbone,1
gotup,1
shirt,1
fronts,1
achievements,1
character,1
managed,2
sport,1
linen,1
faintest,2
blush,1
modestly,1
teaching,1
native,2
distaste,1
verily,2
accomplished,1
devoted,2
books,4
applepie,1
muddle,2
buildings,2
strings,1
dusty,1
niggers,3
splay,1
departed,1
manu,1
factured,1
goods,2
rubbishy,1
cottons,1
beads,3
brasswire,1
return,3
precious,1
trickle,1
ivory,10
ten,1
daysan,1
eternity,1
lived,3
hut,8
yard,3
chaos,1
accountants,1
office,1
built,2
horizontal,1
planks,2
badly,2
bent,2
desk,1
barred,1
heels,2
strips,2
open,1
shutter,1
buzzed,2
fiendishly,1
sting,1
stabbed,1
floor,2
faultless,1
scented,1
perch,1
stool,1
exercise,1
trucklebed,1
sick,7
invalided,1
agent,7
upcountry,1
exhibited,1
gentle,1
annoyance,2
groans,2
person,3
distract,1
attention,3
extremely,2
guard,1
clerical,1
errors,1
interior,1
mr,16
kurtz,31
asking,2
firstclass,2
disappointment,1
informa,1
added,2
laying,1
pen,1
remarkable,1
further,1
elicited,1
present,2
important,2
ivorycountry,1
bottom,6
sends,1
ill,3
groan,1
peace,3
murmur,3
voices,3
tramping,1
caravan,3
violent,1
babble,1
uncouth,1
sounds,2
burst,5
carriers,3
gether,1
uproar,2
lamentable,2
tear,2
fully,2
twentieth,1
frightful,4
row,2
crossed,1
gently,1
does,3
answered,3
composure,1
alluding,1
toss,1
tumult,1
stationyard,1
correct,4
entries,2
thoughtful,1
herehe,1
deskis,1
satisfactory,1
ours,1
letterat,1
central,3
mild,1
bulging,1
abovethe,1
council,2
europe,6
steady,1
buzz,1
homewardbound,1
flushed,1
insensible,1
perfectly,3
transactions,1
fifty,2
below,6
doorstep,1
treetops,1
next,9
sixty,4
twohundredmile,1
tramp,1
use,2
telling,2
paths,3
everywhere,1
stampedin,1
network,1
spreading,2
burnt,1
thickets,1
chilly,1
ravines,1
stony,1
hills,1
ablaze,1
solitude,2
ago,4
armed,2
fearful,1
weapons,1
sud,3
denly,3
traveling,3
catching,1
yokels,1
carry,1
loads,2
farm,1
cottage,1
dwellings,1
abandoned,1
villages,1
pathetically,1
childish,1
ruins,2
stamp,1
shuffle,1
pair,2
bare,2
lb,1
load,1
cook,1
sleep,1
carrier,2
harness,1
watergourd,1
staff,2
tremor,3
faroff,1
drums,2
sinking,1
swelling,1
faint,4
sound,4
weird,1
appealing,1
suggestive,1
wildand,1
bells,1
christian,1
unbuttoned,1
camping,1
escort,1
lank,2
zanzibaris,1
hospitable,1
festivenot,1
drunk,1
upkeep,2
declared,1
middleaged,1
negro,3
bullethole,1
absolutely,2
stumbled,1
considered,1
permanent,1
improvement,1
companion,2
fleshy,1
exasperating,1
habit,2
fainting,1
hillsides,1
annoying,2
mans,1
comingto,1
meant,5
money,1
scornfully,1
hammock,3
slung,1
weighed,1
sixteen,2
stone,1
rows,1
jibbed,1
sneaked,1
nightquite,1
mutiny,1
evening,5
gestures,2
pairs,1
morning,2
cern,2
wrecked,1
bushman,1
blankets,1
horrors,1
skinned,1
kill,1
doctorit,1
individuals,1
becoming,2
scientifically,1
fifteenth,1
hobbled,1
surrounded,1
scrub,1
border,1
smelly,1
inclosed,1
crazy,1
fence,3
rushes,1
neglected,1
gap,2
gate,1
staves,3
languidly,2
strolling,3
retired,1
stout,2
excitable,1
mustaches,2
informed,2
volubility,1
digressions,1
manager,20
self,4
behaved,3
splendidly,3
splendidlyyou,1
agitation,1
significance,1
wreck,3
surenot,1
certainly,4
stupidwhen,1
itto,1
presented,1
simply,4
nui,1
sance,1
sunk,1
volunteer,1
tore,2
bank,10
plenty,2
fishing,1
command,1
repairs,1
interview,1
curious,3
sit,2
twentymile,1
walk,1
feature,1
manners,2
size,1
ordinary,1
usual,1
remarkably,1
trenchant,1
ax,1
disclaim,1
intention,3
otherwise,1
indefinable,1
stealthya,1
smilenot,1
smilei,1
unconscious,1
smile,2
intensified,1
instant,2
speeches,1
seal,2
applied,1
commonest,1
common,1
youth,1
employed,1
partsnothing,1
obeyed,1
spired,2
neither,4
love,2
nor,5
fear,3
respect,1
uneasiness,3
definite,1
mistrustjust,1
uneasinessnothing,1
effective,1
fac,1
ulty,1
genius,3
organizing,1
initiative,1
evident,3
deplorable,1
state,2
learning,2
intelligence,2
position,3
himwhy,1
terms,3
health,1
rout,1
stitutions,1
power,1
rioted,2
scalepompously,1
jack,1
ashorewith,1
differencein,1
externals,1
gather,1
originated,1
routine,1
goingthats,1
control,1
suspicion,3
external,1
checks,1
tropical,1
diseases,1
laid,2
entrails,1
sealed,1
utterance,1
opening,1
fancied,2
thingsbut,1
mealtimes,1
constant,1
quarrels,1
precedence,1
mense,1
special,3
stations,2
messroom,1
placethe,1
unalterable,1
conviction,1
civil,2
uncivil,1
overfed,1
coastto,1
treat,1
provoking,1
insolence,1
speak,4
upriver,1
relieved,1
delays,2
alive,1
paid,3
explanations,1
playing,1
sealingwax,2
repeated,1
situation,1
grave,2
rumors,2
jeopardy,1
hoped,1
irritable,1
hang,1
exceptional,1
importance,1
anxiety,1
fidget,1
dumb,2
founded,1
hungry,1
hadnt,2
yetsome,1
futile,1
alone,6
clay,2
veranda,1
muttering,1
opinion,1
chattering,1
idiot,1
startlingly,1
extreme,1
nicety,1
estimated,1
requisite,1
turning,2
redeeming,1
aimlessly,1
wandered,1
absurd,3
faithless,1
pilgrims,13
bewitched,3
rotten,3
rang,2
whispered,2
sighed,2
praying,2
taint,2
imbecile,1
rapacity,1
blew,2
whiff,1
corpse,1
jove,2
unreal,2
silent,3
surround,1
struck,2
invincible,1
evil,4
patiently,1
passing,2
fantastic,2
vasion,1
calico,2
cotton,3
prints,1
avenging,1
consume,1
trash,1
smoking,1
pipe,1
quietly,1
dismantled,2
cutting,1
capers,1
pail,2
behaving,1
dipped,1
quart,2
noticed,3
matches,1
hopeless,1
leaped,3
driven,2
lighted,3
everythingand,1
col,1
lapsed,1
heap,3
embers,1
fiercely,1
beaten,2
caused,1
screeching,1
horribly,1
sitting,3
trying,4
outand,1
bosom,1
approached,2
pronounced,2
advantage,1
unfortunate,1
cident,1
wished,1
iteh,1
incredible,4
gentlemanly,1
reserved,1
forked,1
beard,3
hooked,2
standoffish,1
agents,1
managers,1
spy,1
hardly,3
spoken,1
hissing,2
main,2
match,1
perceived,1
aristocrat,1
silvermounted,1
dressingcase,1
candle,3
supposed,4
candles,1
mats,1
covered,1
collection,1
spears,1
assegais,1
shields,1
knives,1
trophies,1
intrusted,2
bricksso,1
fragment,1
brick,1
anywhere,1
yearwaiting,1
seems,2
bricks,1
whatstraw,1
maybe,2
anyways,1
likely,1
sent,5
creation,1
waitingall,1
twenty,2
themfor,1
occupation,1
diseaseas,1
beguiled,1
backbiting,1
intriguing,1
plotting,1
elseas,1
pre,2
appointed,1
tradingpost,2
earn,1
percentages,1
intrigued,1
slandered,1
hated,1
accountbut,1
effectually,1
fingeroh,1
allowing,1
steal,2
horse,2
halter,2
ride,1
provoke,1
charitable,1
saints,1
kick,1
sociable,1
chatted,1
occurred,2
somethingin,1
pumping,1
alluded,2
constantly,1
thereputting,1
acquaintances,2
sepulchral,1
glittered,1
mica,2
discswith,1
curiosity,1
superciliousness,1
astonished,1
awfully,1
possibly,1
baffled,1
chills,1
wretched,3
shame,1
prevaricator,1
angry,2
conceal,1
furious,1
yawned,1
sketch,1
oils,1
panel,1
senting,1
draped,1
blindfolded,2
somberalmost,1
stately,1
torchlight,1
arrested,1
civilly,1
halfpint,1
champagne,1
bottle,1
medical,1
comforts,1
painted,1
thisin,1
year,3
agowhile,1
pray,1
inner,3
obliged,1
brickmaker,1
everyone,1
prodigy,1
pity,1
declaim,1
guidance,1
wide,1
sympathies,1
single,2
says,1
replied,1
surprised,3
today,1
assistantmanager,2
dare,1
gang,3
virtue,1
specially,1
recommended,1
dawned,1
aunts,1
influential,3
producing,1
confidential,2
correspondence,1
fun,1
severely,1
moon,3
risen,1
figures,3
listlessly,1
pouring,1
whence,1
proceeded,1
ascended,1
moonlight,4
groaned,1
indefatigable,1
mus,1
taches,1
appearing,1
serve,1
trans,1
gressionpunishmentbang,1
prevent,1
conflagrations,1
future,2
crestfallen,1
bed,2
servile,1
hearti,1
ha,1
dangeragitation,1
riverside,2
fol,1
lowed,1
scathing,1
muffsgo,1
gesticulating,1
discussing,1
sticks,1
spectrally,1
courtyard,2
ones,4
heart,5
cealed,1
hurt,1
moaned,1
fetched,1
sigh,1
intro,1
ducing,1
misunderstood,1
false,1
disposition,1
papiermache,1
mephistopheles,1
poke,1
fore,2
dirt,1
planning,1
upset,1
both,2
cipitately,1
shoulders,1
hauled,1
smell,1
primeval,2
shiny,1
patches,1
creek,6
layer,1
silverover,1
rank,1
wall,3
matted,1
vegetation,3
temple,1
glittering,3
flowed,3
broadly,1
expectant,1
jabbered,1
won,1
appeal,3
menace,1
strayed,1
handle,2
confoundedly,1
deaf,1
toogod,1
bring,1
image,1
itno,1
angel,1
fiend,1
lieved,1
inhabitants,1
planet,2
mars,2
scotch,1
sailmaker,1
shy,1
mutter,1
wouldthough,1
sixtyoffer,1
fight,2
lie,2
detest,2
bear,1
straighter,1
appalls,1
flavor,1
mortality,1
lieswhich,1
worldwhat,1
biting,1
temperament,1
letting,1
liked,1
seeyou,1
story,1
dreammaking,1
vain,1
tempt,1
relation,1
convey,2
dreamsensation,1
commingling,1
absurdity,2
bewilderment,1
struggling,1
revolt,1
captured,1
essence,2
lifesensation,1
given,3
epoch,1
meaningits,1
subtle,1
penetrating,1
dreamalone,1
reflecting,1
pitch,1
listeners,1
apart,1
anybody,2
asleep,1
awake,3
listened,2
sentence,1
clew,1
inspired,1
narra,1
tive,2
shape,3
human,4
nightair,1
yesi,1
pleased,1
powers,1
mangled,1
fluently,1
necessity,1
conceive,2
gaze,1
universal,1
adequate,2
toolsintelligent,1
brickswhy,1
physical,1
impossibility,1
wayas,1
aware,4
ager,1
sensible,1
rejects,1
wantonly,1
confidence,2
superiors,1
rivets,13
heaven,1
cases,2
coastcasespiled,1
upburstsplit,1
kicked,2
rivet,2
step,1
rolled,1
fill,1
pockets,1
stooping,1
downand,1
plates,1
fasten,1
week,3
messenger,1
lone,2
letterbag,1
goodsghastly,1
glazed,1
value,1
spotted,1
handkerchiefs,1
afloat,1
unresponsive,1
attitude,1
exasperated,1
judged,1
necessary,1
inform,1
feared,1
god,1
quantity,1
rivetsand,1
dictation,1
demanded,1
wayfor,1
intelligent,1
hippopotamus,1
wondered,1
sleeping,2
salvage,1
disturbed,2
hippo,2
roam,2
grounds,1
o,1
nights,1
wasted,1
brutes,1
manyou,1
apprehend,1
meno,1
bears,1
deli,1
cate,1
wink,2
curt,1
strode,1
consid,1
erably,1
puzzled,1
hopeful,1
friend,2
battered,1
twisted,1
ruined,1
tinpot,3
clambered,1
huntley,1
palmer,1
biscuittin,1
gutter,1
solid,2
expended,1
better,3
laze,1
workno,1
workthe,1
yourself,5
realityfor,1
dangling,1
chummed,1
mechanics,1
naturally,1
despised,1
imperfect,1
foremana,1
boilermaker,2
tradea,1
worker,1
bony,1
yellowfaced,1
intense,1
bald,1
falling,1
pros,1
pered,1
locality,1
waist,1
widower,1
sister,1
pigeonflying,1
enthusiast,1
connoisseur,1
rave,1
pigeons,2
tie,1
serviette,1
loops,1
ears,2
rinsing,1
wrapper,1
solemnly,1
dry,1
slapped,1
scrambled,1
exclaiming,1
lunatics,1
nodded,1
mysteriously,1
snapped,1
foot,2
jig,1
capered,1
clatter,1
hulk,1
virgin,1
thundering,1
roll,2
hovels,1
figure,1
obscured,1
doorway,3
agers,1
stamping,3
exuberant,1
entangled,1
mass,2
branches,1
leaves,1
boughs,1
festoons,1
motionless,2
rioting,1
invasion,3
soundless,1
wave,1
plants,2
piled,1
crested,1
topple,1
sweep,1
ened,1
splashes,1
snorts,1
reached,1
ichthyosaurus,1
bath,1
reasonable,1
theyll,1
weeks,2
confidently,1
infliction,1
visitation,1
sections,1
during,2
section,1
headed,1
donkey,1
tan,1
bowing,1
elevation,1
impressed,1
quarrelsome,1
band,2
footsore,1
sulky,2
trod,1
donkeys,2
tents,1
campstools,1
brown,1
bales,1
shot,1
deepen,1
installments,1
disorderly,1
flight,1
loot,1
shops,1
provision,2
lugging,2
raid,1
equit,1
division,1
inextricable,1
mess,2
themselves,2
spoils,1
thieving,1
eldorado,2
ploring,1
expedition,2
sworn,1
secrecy,1
buccaneers,1
reckless,1
hardihood,1
greedy,1
audacity,1
cruel,1
courage,1
atom,1
foresight,1
serious,1
batch,1
bowels,1
moral,2
burglars,1
breaking,2
safe,3
penses,1
enterprise,1
uncle,5
leader,1
exterior,1
butcher,1
neigh,1
borhood,1
sleepy,2
cunning,1
paunch,1
ostentation,1
infested,1
spoke,1
nephew,3
close,2
everlasting,1
confab,1
worrying,2
capacity,1
limited,1
hangand,1
slide,1
meditation,1
interested,1
equipped,1
ideas,1
climb,1
top,1
approachingand,1
doze,1
child,1
dictated,1
manageror,1
alongside,1
forepart,1
move,2
occur,1
unpleasant,1
grunted,3
instructed,2
agreed,1
bizarre,1
remarks,1
rain,1
weatherone,1
manthe,1
nosebits,1
sentences,1
drowsiness,1
wits,1
assistant,1
sending,1
dispose,1
impudence,1
hoarsely,1
jerked,1
itprime,1
sortlotsmost,1
questioned,1
rumble,1
invoice,1
reply,1
fired,2
ease,1
having,2
inducement,1
growled,2
elder,1
vexed,1
explained,1
canoes,1
halfcaste,2
intended,1
decided,1
dugout,2
paddlers,1
leaving,2
caste,1
continue,1
astounded,1
attempting,1
loss,1
distinct,1
glimpse,2
paddling,1
headquarters,1
relief,1
homeperhaps,1
setting,1
desolate,1
motive,1
conducted,1
trip,2
pru,1
dence,1
pluck,1
invariably,2
scoundrel,2
reported,1
illhad,1
recovered,1
imperfectly,1
paces,1
postdoctortwo,1
nowunavoidable,1
delaysnine,1
monthsno,1
newsstrange,1
species,1
wandering,1
tradera,1
pestilential,1
snapping,2
gathered,1
snatches,1
kurtzs,2
district,1
approve,1
unfair,1
competition,1
example,1
endanger,1
climateyou,1
outlast,1
danger,1
extraor,1
dinary,1
series,1
fault,1
possible,2
sad,1
pestiferous,1
bothered,1
beacon,1
izing,1
improving,2
instructing,1
youthat,1
ass,1
wants,1
choked,1
excessive,2
indignation,1
wereright,1
spat,1
hats,1
absorbed,1
switching,1
leg,1
slender,1
twig,2
sagacious,1
relative,1
charm,3
restoh,1
countryits,1
hm,1
extend,1
flipper,1
gesture,1
riverseemed,1
beckon,1
honoring,1
flourish,1
sunlit,1
treacherous,2
lurking,1
hidden,2
answer,1
display,1
notions,1
confronted,1
patience,2
swore,1
aloud,1
togetherout,1
sheer,2
fright,2
believethen,1
forward,1
tugging,1
painfully,1
ridiculous,1
unequal,1
trailed,1
bending,1
blade,1
patient,1
closes,1
diver,1
fate,1
valuable,1
animals,1
deserved,1
inquire,1
excited,1
prospect,1
meeting,1
compara,1
tively,1
earliest,1
beginnings,1
impenetrable,1
thick,2
sluggish,2
joy,3
stretches,1
shadowed,1
distances,1
silvery,1
hippos,1
alligators,1
sunned,1
broaden,1
mob,1
islands,1
butted,1
shoals,1
cut,3
oncesome,1
wherefar,1
awayin,1
moments,1
spare,1
unrestful,1
noisy,1
overwhelming,1
realities,1
strange,2
resemble,1
implacable,1
force,1
inten,1
vengeful,1
guessing,1
discern,1
inspiration,1
signs,2
clap,1
teeth,2
smartly,1
shaved,2
fluke,1
infernal,1
sly,1
snag,1
ripped,1
lookout,1
wood,4
steaming,1
attend,1
incidents,1
realitythe,1
youfades,1
hiddenluckily,1
luckily,1
monkey,1
tricks,2
watches,1
performing,1
respective,1
tightropes,1
forwhat,1
halfacrown,1
tumble,1
listener,1
beg,1
forgot,1
heartache,1
price,2
trick,1
sink,1
drive,1
van,1
sweated,2
shivered,1
considerably,1
scrape,1
float,2
unpardonable,1
sin,1
thumpeh,1
blow,1
wake,1
ityears,1
afterand,1
pretend,1
wade,1
cannibals,1
splashing,1
pushing,1
enlisted,1
crew,1
fellowscannibalsin,1
grateful,1
meat,1
stink,1
phoo,1
sniff,1
stavesall,1
skirts,1
tumbledown,1
hovel,1
welcome,1
strangehad,1
pearance,1
captive,1
spell,1
ring,1
whileand,1
bends,1
winding,1
reverberating,1
hollow,1
claps,1
ponderous,1
beat,2
sternwheel,2
massive,1
hugging,1
crept,2
begrimed,1
beetle,2
crawling,1
lofty,1
portico,1
depressing,1
grimy,1
crawled,5
onwhich,1
imagined,1
bet,1
toward,1
kurtzexclusively,1
steampipes,1
leaking,1
leisurely,1
penetrated,1
deeper,2
curtain,2
remain,1
sustained,1
faintly,1
hovering,1
break,1
prayer,1
dawns,1
heralded,1
descent,1
chill,1
cutters,1
slept,1
fires,1
burned,1
wanderers,1
prehistoric,2
accursed,1
heritance,1
subdued,1
anguish,1
struggled,1
bend,1
grassroofs,1
yells,1
whirl,1
clapping,2
droop,1
foliage,1
toiled,1
frenzy,1
cursing,1
wel,1
uswho,1
comprehension,1
phantoms,1
wondering,1
secretly,1
sane,1
outbreak,1
madhouse,1
signand,1
unearthly,2
accustomed,1
shackled,1
form,1
conquered,1
monster,1
therethere,1
monstrous,1
inhuman,2
itthis,1
howled,1
spun,1
thrilled,1
humanitylike,1
yoursthe,1
remote,2
kinship,1
pas,1
sionate,1
ugly,2
admit,2
trace,1
sponse,1
terrible,2
frankness,1
agescould,1
com,1
prehend,1
capable,1
anythingbecause,1
sorrow,1
valor,1
ragewho,1
truthtruth,1
stripped,1
cloak,1
gape,1
shudderthe,1
stuffwith,1
inborn,1
principles,2
acquisi,1
ragsrags,1
fly,1
deliberate,1
fiendish,1
rowis,1
cannot,1
silenced,1
senti,2
ments,2
whos,1
grunting,1
howl,1
noi,1
sentiments,1
whitelead,1
woolen,1
blanket,1
helping,1
bandages,1
leaky,1
steampipesi,1
steering,1
circumvent,1
snags,2
surfacetruth,1
save,2
wiser,1
whiles,1
fireman,1
improved,1
specimen,1
vertical,1
edifying,1
dog,1
parody,1
breeches,1
feather,1
hindlegs,1
training,1
squinted,1
steamgauge,1
watergauge,1
effort,1
intrepidityand,1
filed,1
pate,1
patterns,1
ornamental,1
scars,1
thrall,1
witchcraft,1
knowledge,1
useful,1
thisthat,1
transparent,1
disappear,1
thirst,1
vengeance,1
impromptu,1
polished,1
flatways,1
lip,1
silenceand,1
shallow,1
peer,1
creepy,1
reeds,1
inclined,1
melancholy,1
unrecognizable,1
tatters,1
neatly,1
stacked,1
pile,1
firewood,1
faded,1
pencilwriting,1
deciphered,1
cautiously,2
signature,1
illegiblenot,1
longer,1
wrong,1
whatand,1
commented,1
adversely,1
imbecility,1
telegraphic,1
style,1
torn,1
twill,1
flapped,1
sadly,1
dwelling,1
rude,1
plank,1
posts,1
rubbish,1
corner,1
picked,1
covers,1
pages,3
thumbed,1
dirty,1
softness,1
lovingly,1
stitched,1
afresh,1
clean,1
title,1
inquiry,1
points,1
seamanship,1
tower,1
towsonsome,1
namemaster,1
majestys,1
navy,1
dreary,1
reading,2
illustrative,1
diagrams,1
repulsive,1
tables,1
copy,1
handled,1
antiquity,1
tenderness,1
lest,1
dissolve,1
towson,1
towser,1
inquiring,1
strain,1
chains,2
matters,1
enthralling,1
singleness,1
honest,1
humble,1
professional,1
purchases,1
delicious,1
sensation,1
unmistakably,1
astounding,1
penciled,1
margin,1
plainly,1
referring,1
text,1
cipher,3
description,1
studying,1
notesin,1
travagant,1
dimly,1
woodpile,1
aided,1
shouting,1
shelter,1
friendship,1
lame,1
engine,1
traderthis,1
intruder,1
malevolently,1
careful,1
muttered,1
darkly,1
observed,1
assumed,1
innocence,1
rapid,1
gasp,1
flopped,1
caught,1
listening,1
tiptoe,1
sober,1
flickers,1
pick,1
abreast,1
displayed,1
resignation,1
fretted,1
fumed,1
arguing,1
openly,1
conclusion,1
action,1
futility,1
anyone,1
ignored,1
gets,1
insight,1
essentials,1
page,3
tides,1
joseph,6
conrad,6
western,1
typhoon,1
twixt,1
tomorrow,1
skip,1
miscellaneous,1
accessibility,1
policy,2
copyright,1
linking,1
privacy,1
resources,1
conditions,1
site,1
enabling,1
weve,1
collecting,1
outofcopyright,1
texts,1
worlds,1
mostread,1
available,1
wherever,1
